{
  "depth": 6,
  "iterations": 7263,
  "learning_rate": 0.030381122949060188,
  "l2_leaf_reg": 3.1285596254910013,
  "subsample": 0.8141578380449733,
  "colsample_bylevel": 0.7243358157487125,
  "bagging_temperature": 2.735629248665263,
  "random_strength": 1.341874700774428,
  "min_data_in_leaf": 168,
  "loss_function": "RMSE",
  "random_state": 42,
  "verbose": 0,
  "mean_rmse": 19027.196056326935,
  "std_rmse": 3499.45743121599
}