{
  "depth": 5,
  "iterations": 6935,
  "learning_rate": 0.025848406661638512,
  "l2_leaf_reg": 5.398065963881286,
  "subsample": 0.822172860442869,
  "colsample_bylevel": 0.6815951076306457,
  "bagging_temperature": 0.47001460667988826,
  "random_strength": 0.2988430979118698,
  "min_data_in_leaf": 164,
  "loss_function": "RMSE",
  "random_state": 42,
  "verbose": 0,
  "mean_rmse": 19132.701166406267,
  "std_rmse": 3168.1892910689944
}