{
  "depth": 5,
  "iterations": 6107,
  "learning_rate": 0.04114841799323371,
  "l2_leaf_reg": 2.9649089915459723,
  "subsample": 0.7172260946958362,
  "colsample_bylevel": 0.6721912677601117,
  "bagging_temperature": 0.8590913422717212,
  "random_strength": 1.1125031582665321,
  "min_data_in_leaf": 277,
  "loss_function": "RMSE",
  "random_state": 42,
  "verbose": 0,
  "mean_rmse": 19135.339664455274,
  "std_rmse": 3465.531242187288
}