{
  "train_rmse": 3945.6935654752338,
  "train_r2": 0.9971637062895168,
  "test_rmse": 18754.395646561476,
  "test_r2": 0.9428242473503986
}