{
  "train_rmse": 4851.3072711773475,
  "train_r2": 0.9957123230132564,
  "test_rmse": 18936.53704951441,
  "test_r2": 0.9417082804725647
}