{
  "train_rmse": 1346193.531185867,
  "train_r2": 0.9999490600976777,
  "test_rmse": 46377450.64065302,
  "test_r2": 0.9395737918615795
}