{
  "train_rmse": 5130.30516419774,
  "train_r2": 0.9952049748162216,
  "test_rmse": 18275.784662301812,
  "test_r2": 0.9457052538040064
}