{
  "depth": 5,
  "iterations": 6812,
  "learning_rate": 0.016999238514593926,
  "l2_leaf_reg": 3.8248378043149067,
  "subsample": 0.9720566695624413,
  "colsample_bylevel": 0.7494389460963075,
  "bagging_temperature": 1.1312265106941262,
  "random_strength": 1.6201876960970338,
  "min_data_in_leaf": 146,
  "loss_function": "RMSE",
  "random_state": 42,
  "verbose": 0
}